{"no": [0.6939338235294117, 0.6507352941176471, 0.6787683823529412, 0.7394301470588236, 0.6861213235294118, 0.6934742647058824, 0.6488970588235294, 0.6038602941176471, 0.5818014705882353, 0.6649816176470589], "delta": [0.6640625, 0.6493566176470589, 0.6580882352941178, 0.6962316176470589, 0.6714154411764706, 0.6727941176470589, 0.6415441176470589, 0.5978860294117647, 0.5726102941176471, 0.6484375], "theta": [0.6939338235294118, 0.6420036764705883, 0.6580882352941176, 0.7155330882352942, 0.6865808823529412, 0.6948529411764706, 0.6502757352941176, 0.6047794117647058, 0.5818014705882353, 0.6714154411764706], "alpha": [0.6948529411764706, 0.640625, 0.6663602941176471, 0.7385110294117647, 0.685202205882353, 0.6925551470588236, 0.6479779411764706, 0.6034007352941176, 0.5822610294117647, 0.6626838235294118], "mu": [0.6934742647058824, 0.6502757352941176, 0.6737132352941178, 0.7403492647058824, 0.6796875, 0.7003676470588235, 0.6493566176470589, 0.6034007352941176, 0.5808823529411764, 0.6709558823529411], "beta": [0.6939338235294118, 0.6498161764705883, 0.6732536764705883, 0.7380514705882353, 0.6778492647058824, 0.6847426470588235, 0.6479779411764706, 0.6043198529411765, 0.5813419117647058, 0.6640625], "gamma": [0.6948529411764706, 0.6498161764705882, 0.6778492647058824, 0.7385110294117647, 0.6783088235294117, 0.6879595588235294, 0.6498161764705883, 0.6043198529411765, 0.5822610294117647, 0.669577205882353]}